Optimizer,Testfun,ExecutionTime,Iter1,Iter2,Iter3,Iter4,Iter5,Iter6,Iter7,Iter8,Iter9,Iter10,Iter11,Iter12,Iter13,Iter14,Iter15,Iter16,Iter17,Iter18,Iter19,Iter20,Iter21,Iter22,Iter23,Iter24,Iter25,Iter26,Iter27,Iter28,Iter29,Iter30,Iter31,Iter32,Iter33,Iter34,Iter35,Iter36,Iter37,Iter38,Iter39,Iter40,Iter41,Iter42,Iter43,Iter44,Iter45,Iter46,Iter47,Iter48,Iter49,Iter50,Iter51,Iter52,Iter53,Iter54,Iter55,Iter56,Iter57,Iter58,Iter59,Iter60,Iter61,Iter62,Iter63,Iter64,Iter65,Iter66,Iter67,Iter68,Iter69,Iter70,Iter71,Iter72,Iter73,Iter74,Iter75,Iter76,Iter77,Iter78,Iter79,Iter80,Iter81,Iter82,Iter83,Iter84,Iter85,Iter86,Iter87,Iter88,Iter89,Iter90,Iter91,Iter92,Iter93,Iter94,Iter95,Iter96,Iter97,Iter98,Iter99,Iter100
HSSA,F1,0.1839752197265625,292.3487040868427,6.840515726495576e-07,4.178788482302615e-10,2.85964044733971e-90,7.75491053850082e-94,7.75491053850082e-94,7.75491053850082e-94,3.776074053540806e-95,3.5128253937166126e-97,1.0680655075925472e-99,2.436345179910327e-103,2.436345179910327e-103,1.2683519545291007e-104,6.095474341189151e-109,8.223463189030525e-112,1.2932106579583325e-115,2.7638169750846777e-117,4.7911769917654935e-118,1.3805628497542791e-118,4.301812004833608e-140,5.361196746547172e-144,6.499772983215264e-145,4.3936391003865735e-147,3.4423677969115413e-149,3.4423677969115413e-149,1.2077917552033374e-150,6.835780024320984e-152,1.830526938759535e-153,9.620173052640775e-159,3.5951453274676046e-162,1.7026436033380537e-163,8.1811761429585675e-165,6.930696700796667e-168,8.435959972268175e-170,2.4390568214235775e-171,2.4390568214235775e-171,2.3013694542557956e-173,4.385494736633357e-175,3.8771822104956906e-175,2.476248329558207e-177,1.3561440619774934e-178,3.1722625856475076e-181,5.680445323715869e-185,5.680445323715869e-185,4.608544071065635e-187,5.29905928271136e-188,2.654524973899478e-190,2.5518552002531927e-194,6.411065944895608e-195,3.1228293635467296e-196,1.2831141024570962e-198,1.2831141024570962e-198,7.111202344016379e-200,1.8679180849555468e-200,4.404326558899863e-202,1.1425033949675795e-205,2.345848041411675e-207,1.3747192915374655e-208,5.300374373993769e-213,3.109736832720086e-216,7.210202022410683e-218,1.543281893768736e-219,3.403732729966274e-223,6.944291081837413e-226,1.41706444526707e-228,3.341043981085672e-229,2.474882393588918e-230,3.472552963527997e-232,4.798203491720548e-234,2.3359539859655432e-235,5.024047078274471e-237,1.0902495838304005e-237,1.0902495838304005e-237,1.789388073576802e-238,3.651563855922565e-240,3.638872864516874e-266,4.704334279975846e-270,3.223408442487717e-271,5.942960961353164e-272,2.1770826236867663e-275,2.1770826236867663e-275,2.1770826236867663e-275,2.1770826236867663e-275,2.1770826236867663e-275,9.059900737429971e-278,7.382849869213747e-280,8.34486444565327e-281,1.6532270627097107e-281,9.863799264538061e-285,3.4641729500674284e-290,5.835e-321,5.094e-321,1.196e-321,0.0,0.0,0.0,0.0,0.0,0.0,0.0
HSSA,F1,0.19812679290771484,0.06309421729036363,0.002117558256912423,1.8441157192613947e-19,3.937016187672825e-20,2.276306136234448e-20,4.97561005688057e-22,5.0518767833226755e-23,8.157233297047573e-25,3.1844948108050853e-27,6.47467446975934e-29,2.999113540538859e-30,7.172989218918476e-89,2.6746095584554605e-91,4.4248447387637415e-92,3.3511629545368237e-103,4.8289962841816294e-104,2.4973635925844524e-106,1.139070495091623e-107,4.0097751280884696e-111,4.0097751280884696e-111,4.0097751280884696e-111,1.4320531968051577e-111,5.844098198438532e-114,1.458581711894887e-119,3.6993947395192453e-121,6.237450803351925e-123,1.5429482284154638e-123,5.596750796080361e-125,2.295666903548151e-130,8.85954293595814e-131,2.1877606681181538e-132,1.4739946321763212e-135,2.0470867847658442e-141,1.1705249658884495e-142,8.52787581920523e-146,5.585495927564761e-148,1.5243322094642281e-149,1.5243322094642281e-149,1.4182289628803567e-150,1.0642797859012255e-153,4.3816463132426e-156,2.7821540884124033e-157,2.2275975370922874e-164,1.2621508779491268e-167,4.915762224469591e-168,1.1407115496787555e-170,1.1407115496787555e-170,3.0922795721412883e-176,6.292575444930823e-179,2.207888673973421e-180,1.724139226431246e-181,1.7304238316436523e-185,1.5555694766371806e-186,1.419929518796465e-187,4.3806550353530287e-190,1.935694167915961e-191,6.626363076175043e-193,1.1886909332437016e-195,1.737077780823252e-196,4.0895815731904434e-204,1.5923674804390547e-204,3.13884332595306e-209,4.758026851473905e-238,2.736607886388777e-239,0.0,0.0,0.0,0.0,0.0,0.0,0.0,0.0,0.0,0.0,0.0,0.0,0.0,0.0,0.0,0.0,0.0,0.0,0.0,0.0,0.0,0.0,0.0,0.0,0.0,0.0,0.0,0.0,0.0,0.0,0.0,0.0,0.0,0.0,0.0,0.0
HSSA,F1,0.18734049797058105,541.2298513431859,6.998221278684579e-87,1.5850964159350448e-89,1.6895201704529808e-93,2.028926175528715e-94,5.580760164862045e-95,2.2266605741332075e-100,1.919824806282818e-101,2.241743396031924e-103,8.20872858333622e-105,2.326237515194958e-110,3.500208338698767e-111,4.189972571328002e-112,2.589694695388153e-113,2.0137101064332236e-159,3.0693567785054285e-166,1.274344898891123e-167,2.6523051889219193e-168,2.6523051889219193e-168,2.6523051889219193e-168,2.6523051889219193e-168,2.6523051889219193e-168,2.6523051889219193e-168,2.6523051889219193e-168,3.1830497594038848e-173,8.958802724016634e-175,4.2636810460028204e-176,4.2636810460028204e-176,4.2636810460028204e-176,2.9736051318223408e-176,4.740629525153178e-177,2.3101816485778355e-260,2.3130461180207923e-262,2.3130461180207923e-262,2.3130461180207923e-262,2.3130461180207923e-262,1.1372487451367302e-263,1.1372487451367302e-263,2.383316346124243e-267,1.7359995028972025e-270,6.815706045363783e-272,1.972946400700749e-274,9.152608445674181e-276,8.638331587668692e-278,1.2510622361347732e-282,4.653501929675918e-288,1.9059445768114195e-288,1.9059445768114195e-288,1.9059445768114195e-288,1.166845512585363e-291,1.166845512585363e-291,1.166845512585363e-291,1.166845512585363e-291,1.166845512585363e-291,1.166845512585363e-291,3.4495778425328975e-298,2.9603933471727686e-300,6.007209225917444e-302,1.2511164254601864e-302,2.5882872395397095e-304,1.442890184891218e-307,1.4723178142e-312,2.946465029e-314,3.027760833e-315,1.1345442e-316,3.76656e-319,1.53e-322,1e-323,0.0,0.0,0.0,0.0,0.0,0.0,0.0,0.0,0.0,0.0,0.0,0.0,0.0,0.0,0.0,0.0,0.0,0.0,0.0,0.0,0.0,0.0,0.0,0.0,0.0,0.0,0.0,0.0,0.0,0.0,0.0,0.0
HSSA,F1,0.1908869743347168,22.69039639385727,1.772172517701319,1.1899673941755492e-14,7.881145977244609e-16,3.1228251429917287e-16,3.359107815857571e-17,6.027658465074993e-19,8.564305726676697e-25,8.978683504105474e-26,1.7135510796744082e-27,3.45161935337712e-89,2.458931173812994e-91,1.375231437093196e-93,4.963373866905851e-96,4.963373866905851e-96,4.963373866905851e-96,6.959549206262501e-98,1.3438805194933601e-99,1.3438805194933601e-99,4.914887527460394e-102,4.914887527460394e-102,4.914887527460394e-102,7.949481693171715e-105,5.404067690188025e-106,5.903076730048397e-110,7.369393278374379e-111,1.498276353360396e-114,9.65238002693823e-117,5.083973039321301e-121,1.822874668125362e-122,7.659340115958929e-124,5.162613452710071e-126,5.162613452710071e-126,3.3889319422344426e-128,2.7648585697908482e-129,2.5012542285661813e-129,1.8641059731002456e-135,1.1653750115057497e-138,3.573825858380352e-142,2.0276263737477773e-143,1.3050085868522313e-144,2.4936621006236918e-145,1.8569776759647076e-146,2.7369876013930433e-148,1.1942412000489175e-151,1.1942412000489175e-151,6.90229646636978e-152,1.4084035474874721e-157,1.4084035474874721e-157,1.4084035474874721e-157,9.657542988857127e-158,1.6144479151861918e-159,3.3795144228006346e-165,4.828930094333805e-168,5.932189690315879e-243,1.8485108482305892e-243,4.47593164e-315,1.38463725e-316,2.131503e-317,1.1739e-319,1.186e-321,1.5e-322,0.0,0.0,0.0,0.0,0.0,0.0,0.0,0.0,0.0,0.0,0.0,0.0,0.0,0.0,0.0,0.0,0.0,0.0,0.0,0.0,0.0,0.0,0.0,0.0,0.0,0.0,0.0,0.0,0.0,0.0,0.0,0.0,0.0,0.0,0.0,0.0,0.0,0.0
HSSA,F1,0.18355774879455566,0.00024116302388341165,1.3905832702051965e-05,1.1586616121340922e-08,1.1586616121340922e-08,1.5157870943472512e-90,8.620473950866567e-92,1.2438687925016148e-92,1.1990399737156853e-95,2.3560487196355646e-98,2.3560487196355646e-98,3.998065440896906e-99,6.714343034920072e-100,6.64490581024686e-114,5.843178463134947e-118,1.715089737575475e-120,1.2622502701686502e-123,5.750809334686525e-140,7.709484021706842e-147,4.228465507501319e-151,8.70773782008456e-153,1.7810801846866192e-153,1.556420421009378e-155,9.642583455622867e-157,4.558811793118633e-159,4.558811793118633e-159,2.55279624464502e-159,3.687906720214741e-161,3.687906720214741e-161,2.8264283937205494e-164,2.8744869697399953e-165,2.8488994392728447e-165,1.3090463854319278e-167,2.7897256284323834e-169,6.359854091394504e-170,5.7713412380478995e-173,8.784769244796703e-177,1.0868931188955614e-177,4.8473158527854643e-179,1.5275051092769232e-179,3.0915355686107566e-181,3.0915355686107566e-181,3.0135580671172266e-182,2.5136286074954847e-184,2.405270569945494e-190,5.512313425232276e-191,1.3981510909018127e-191,8.627336248838986e-194,7.910328089164445e-196,1.6524547803166377e-197,1.7184374753096687e-198,4.261112318495634e-203,4.261112318495634e-203,4.261112318495634e-203,4.261112318495634e-203,4.261112318495634e-203,7.156277669059607e-204,4.839435374910639e-205,1.290701398045209e-206,1.2070158176405728e-207,5.158930476363534e-208,2.3068324692007047e-210,2.3068324692007047e-210,2.3068324692007047e-210,1.1544203648471667e-210,4.99253302516199e-213,1.526079059555213e-213,9.634049712696751e-215,5.241629106832399e-216,5.241629106832399e-216,1.6598654138558794e-218,4.430241978724527e-220,4.430241978724527e-220,3.4279083188495272e-220,3.4279083188495272e-220,5.867473995287977e-224,6.568514139329535e-225,3.552296675868294e-226,4.320676827911389e-227,1.1621750581243096e-231,4.6243341761460006e-232,1.466152725821962e-238,1.701998037753757e-244,1.68224935951522e-251,2.294201650414891e-252,7.7946836622897925e-255,1.3440582091890196e-257,1.3365100438949688e-259,1.3365100438949688e-259,7.216845080116446e-262,1.5580890094427827e-263,7.734443309132384e-266,7.734443309132384e-266,4.390129769037279e-266,3.687463877669865e-268,3.0751629595130986e-273,3.673855441481461e-275,3.936807619881026e-277,4.95902720150827e-278,8.491309147168334e-280,7.50689809182397e-282
HSSA,F1,0.18583083152770996,171.30904193584055,1.4435030654550148e-37,1.4435030654550148e-37,3.525518765276325e-39,1.9978011144903993e-91,1.3767031054637345e-92,1.4378401659133483e-96,1.2681839196113382e-98,1.7042305078117535e-100,1.7042305078117535e-100,3.094429063501827e-103,3.094429063501827e-103,3.094429063501827e-103,3.094429063501827e-103,7.989771123074309e-244,7.553930770686117e-246,1.5253940126608653e-247,4.969948655651571e-249,8.541443831281615e-251,1.103384676254873e-251,2.101641288248945e-252,2.101641288248945e-252,4.5021377021219756e-254,2.078235602264146e-256,4.699771374684799e-260,6.065246342866938e-262,4.673478799154561e-263,8.710506037241648e-265,7.317720407201752e-267,5.242726255549266e-268,0.0,0.0,0.0,0.0,0.0,0.0,0.0,0.0,0.0,0.0,0.0,0.0,0.0,0.0,0.0,0.0,0.0,0.0,0.0,0.0,0.0,0.0,0.0,0.0,0.0,0.0,0.0,0.0,0.0,0.0,0.0,0.0,0.0,0.0,0.0,0.0,0.0,0.0,0.0,0.0,0.0,0.0,0.0,0.0,0.0,0.0,0.0,0.0,0.0,0.0,0.0,0.0,0.0,0.0,0.0,0.0,0.0,0.0,0.0,0.0,0.0,0.0,0.0,0.0,0.0,0.0,0.0,0.0,0.0,0.0
HSSA,F1,0.1859571933746338,7331.776278499942,300.1452417366476,0.3920172289167166,0.0012727064053382371,4.573162869446222e-89,9.078935586227024e-91,1.1352475140454083e-91,1.4382868899826207e-94,1.4382868899826207e-94,1.291097615787127e-94,1.7679549776350997e-96,5.347080283453042e-98,4.282534928616254e-103,5.748975249205374e-104,3.629545749723668e-105,8.21594363055303e-106,7.02354999853468e-109,1.6456543146767524e-110,5.262026415627771e-114,7.683527851303153e-116,5.9047153088383005e-117,1.6400573148521635e-120,1.9681831943119595e-121,5.902079320730589e-123,1.052795969145479e-127,4.726593231281906e-128,1.3114730101108388e-135,5.712023626748367e-137,1.5620143716971613e-148,1.5620143716971613e-148,2.0904174396071732e-162,4.683305614914202e-163,5.906578616819477e-164,1.2861909344234987e-164,1.1657207488125098e-167,5.878261529578641e-169,6.153891172401951e-171,2.1923694675016704e-173,3.9764779015067445e-175,2.82095705762093e-178,1.0580287387543363e-179,6.8223080249119215e-183,6.8223080249119215e-183,3.4344156533817953e-183,3.4220584435449996e-185,8.688331237139412e-190,1.3097057626419893e-192,4.09561100454225e-193,2.531871604870504e-195,2.989748263760376e-197,1.228723627187368e-201,1.68586831705285e-204,1.68586831705285e-204,1.2231316758786219e-207,9.935683014067028e-209,1.054562533207705e-210,1.8233189258424772e-211,6.458540388702314e-214,6.458540388702314e-214,8.198919133945803e-233,1.0006989059310153e-235,1.207174073513848e-238,1.207174073513848e-238,2.2868697803725866e-239,9.353733695249751e-241,1.5976845525196957e-244,2.7248296120602886e-245,2.2017206485627232e-253,2.2418500088211893e-254,2.939236355408682e-256,5.315072733184504e-259,2.487280613174466e-261,1.3811324215074217e-263,2.3794424900503743e-264,2.7039965755278614e-266,4.024348555578747e-270,2.5987909955047163e-273,2.033934480347704e-275,5.918981978127303e-277,9.808488598063988e-279,1.0001616615935125e-281,4.6008459057063227e-284,7.786729529530485e-286,3.0902173925403543e-287,3.0902173925403543e-287,7.675293061133382e-289,7.675293061133382e-289,1.1277089855597769e-291,4.2183776995170096e-294,9.71966213718319e-297,2.5334616380257125e-299,4.4103285770908e-310,1.365817239e-312,3.4836027889e-313,1.13744445e-315,5.347574e-317,3.22526e-319,0.0,0.0,0.0
HSSA,F1,0.20989179611206055,12.842787631719885,3.448120260488681,0.164718776912057,0.00024658990389726993,3.553183691434796e-06,2.3960030561364646e-10,1.6335358447960728e-12,7.982147071559611e-13,7.982147071559611e-13,2.3031783880594503e-15,2.3031783880594503e-15,2.3031783880594503e-15,2.3031783880594503e-15,2.3031783880594503e-15,2.7402757998790703e-17,2.67235393084208e-19,4.865526678095825e-20,3.0191287879721695e-23,4.440797235817185e-25,2.4430308110426088e-27,2.468842148539853e-29,1.7991861226625833e-31,6.511704288741138e-33,2.585560375791945e-34,2.585560375791945e-34,9.23266530313383e-36,6.129849612760417e-38,6.8701321744038e-41,1.2143634889713817e-44,1.1188839456635558e-45,1.9708828257884735e-46,6.848087918586448e-49,7.006167589354882e-51,2.1554645803851655e-51,2.1868545175123e-56,3.805656046252107e-59,3.805656046252107e-59,1.703502630019607e-88,6.209709500687855e-92,8.047964951893912e-97,1.7465202254784806e-99,1.4001421791835062e-100,8.740932291755359e-103,3.875364648042298e-105,3.5997063457598804e-106,3.610308314380015e-108,2.4306949276312167e-109,2.4306949276312167e-109,6.463421057831902e-112,6.463421057831902e-112,6.463421057831902e-112,8.218099970822614e-114,2.428610763450594e-115,3.520836012657636e-116,6.897543932739102e-117,5.49479573129716e-119,4.82916146556105e-121,4.82916146556105e-121,9.15988125832117e-124,1.5096533326418739e-127,2.3619785678641368e-130,1.4885355609317135e-131,4.5652606871372616e-144,1.038905346612247e-146,9.522647091188727e-149,8.586909519014322e-151,2.650287953431754e-152,3.2889205094867293e-153,5.393272552179525e-154,1.620886363030584e-154,5.828124325940516e-156,1.8465464276807193e-157,1.7721124737944562e-160,4.258119658251936e-164,5.235698415202818e-165,2.2583147200957075e-165,1.0701066015764977e-167,4.05122493518851e-172,6.990885651651574e-174,1.0920431819655385e-174,2.553549991352697e-178,2.553549991352697e-178,4.9303908307985235e-186,4.9303908307985235e-186,8.024182356569896e-189,5.4210187422934783e-191,4.729838835642528e-199,6.950936249873243e-201,2.8806749074681764e-202,2.2271739314316737e-204,3.8064599814150786e-208,3.381201113428347e-210,2.428580323530249e-211,6.85021048475419e-216,1.0309657072197273e-218,5.195124752344354e-233,2.899256887571702e-234,1.4454707251973563e-236,1.3626662582552562e-237,1.4245547785407335e-288
HSSA,F1,0.22295022010803223,95.92787275382973,6.659868512955677,0.0011085258001947483,2.131957272289876e-06,3.978372257321323e-09,3.978372257321323e-09,3.978372257321323e-09,2.520179247660285e-11,1.1736504144795949e-13,1.785855592196709e-15,1.785855592196709e-15,1.785855592196709e-15,4.6466105393191607e-17,1.5774126719350616e-19,5.264762711574897e-21,6.938741818497956e-23,4.804462058687795e-25,2.7643433619730414e-26,2.191919014404106e-28,2.5503723688665587e-33,9.066432319346273e-35,3.1438762969244664e-39,2.0765809374584753e-40,1.1572171336283572e-41,8.825142783229165e-44,2.020976336793299e-44,3.788504038304742e-46,1.6049193254206383e-47,6.828479140594526e-49,1.579660286544731e-50,1.203834759130416e-52,8.175327641349928e-53,1.8917488980013598e-54,1.5462483286488084e-58,1.8048499980170274e-60,2.1296781618690662e-63,2.857586354044805e-64,1.004720284125546e-65,5.574002163177872e-68,5.574002163177872e-68,1.7150622054478587e-70,9.745176613771965e-87,3.3329519692941663e-94,6.616952360083887e-101,1.5559359922990622e-104,5.459685345877637e-106,2.8287044703975603e-111,2.118235835220143e-113,2.118235835220143e-113,2.118235835220143e-113,4.783034615741076e-115,1.8417298815133693e-116,3.615646779703291e-119,8.90044500519441e-120,3.020110791202596e-121,9.756201362760724e-123,2.7625918317862963e-125,5.002419332502582e-127,1.4893098061609453e-128,2.1952538363235075e-129,1.3387839430588325e-131,4.3132829691825214e-134,2.2810182938502047e-135,2.4731691408976395e-137,2.1472990792719497e-138,5.1758636789808266e-141,1.027306748763761e-141,8.275769031338102e-147,9.668935008251161e-148,1.5074676398723536e-149,1.5074676398723536e-149,4.1518764825419046e-153,1.6757302916356255e-155,1.6757302916356255e-155,1.682100176412183e-156,8.414109723685859e-159,1.0612783458716855e-163,1.0612783458716855e-163,5.648907495734928e-166,3.074088858239923e-166,1.690256767899914e-169,1.8067418193954573e-173,4.227584342249896e-178,4.227584342249896e-178,3.111835115619431e-178,5.066929210791513e-180,1.2268860547142586e-181,2.363904940933982e-183,2.0532841975936896e-185,1.4818471497794464e-186,7.570257489507234e-189,6.8174363014739e-224,7.975185337488338e-228,9.617554871285775e-230,5.797855660399834e-231,2.982921701433983e-233,5.1651895802113056e-235,3.7101035151344036e-236,2.055326764776019e-240,1.0072351896720426e-240
HSSA,F1,0.18471837043762207,160.41922940084143,6.839660206576463,0.12259666023254132,0.000233117555186268,7.757603380425897e-07,3.9002318026653284e-08,5.094453076560051e-10,4.646567180911079e-30,2.0962253539927516e-31,4.260405789047211e-33,4.447853624100685e-34,9.204996503148764e-39,3.011721831563336e-87,1.2240150786650987e-88,5.055029400403357e-90,1.9317473942925324e-91,5.573437929353695e-94,3.462878078004776e-94,3.288759615495394e-95,7.774285921599285e-96,4.457093636117893e-100,7.327793777771265e-101,3.201399747870107e-102,8.331561849536357e-104,3.00503932147441e-105,2.3204775498340693e-106,1.5496773401174035e-109,6.457058391443437e-112,2.5323365496282345e-118,7.791553476123744e-119,6.228083377210853e-121,6.170753312691396e-124,1.0179004785926776e-125,1.193593537134829e-127,7.586270424299221e-137,9.19816487037867e-141,1.2923897330868707e-141,5.307569599598014e-144,5.499920106645747e-147,1.240303929420107e-148,4.6204349907747636e-150,1.6481918857673067e-150,1.823055020072273e-151,4.820689611342932e-153,4.820689611342932e-153,9.900422209514044e-156,6.6765808182963e-157,2.7440107356877203e-158,3.619189042667773e-161,3.7307474269040906e-165,4.44109141452352e-167,4.44109141452352e-167,5.439772151081813e-171,5.439772151081813e-171,1.2472726781983937e-173,5.864485790041694e-176,3.0466811686582466e-177,7.540048566974502e-179,5.889732868933361e-179,3.171515848524325e-180,3.301456718973619e-184,3.301456718973619e-184,3.301456718973619e-184,3.301456718973619e-184,3.301456718973619e-184,8.03200817766313e-188,8.03200817766313e-188,8.03200817766313e-188,4.733426831946586e-189,2.074156130966146e-194,8.4191050293862485e-196,2.19633202858466e-197,3.710269772783712e-198,2.0946474910653423e-199,1.570548749309907e-200,2.1748880049469275e-205,8.008341211395244e-206,3.553805337871724e-209,1.186635287163883e-210,8.777590320345098e-215,8.777590320345098e-215,8.777590320345098e-215,8.954438828181675e-216,2.0664195023117244e-217,2.7208387595162308e-220,9.276409149626744e-221,1.565411819689965e-222,2.603342617457208e-224,1.4134648300975298e-225,2.033189716922295e-231,2.033189716922295e-231,3.2110253024156133e-233,1.4567198558305502e-234,8.189294401342644e-236,1.745454265913353e-238,2.211901194615029e-239,1.5615945898534228e-241,4.855350552632474e-244,7.530895762738544e-245,7.46165292685744e-247
HSSA,F1,0.17640924453735352,401.0323976943309,0.021772444022610006,2.6141220997414195e-05,1.3534338802574933e-07,1.8812089570167374e-11,5.995984629147813e-13,1.424168984002135e-48,4.770577010492042e-50,1.9582431360694283e-50,2.0534568809677194e-51,1.6945681241625663e-65,1.9268210891365414e-67,1.377904406033784e-68,1.377904406033784e-68,4.3494325108134365e-70,4.3494325108134365e-70,1.1641624274792085e-70,1.9628931042031517e-71,5.171681608438344e-82,3.277587450860976e-84,1.4066458088639794e-85,5.715489911627224e-90,1.3134544100739985e-93,6.797564438764215e-95,3.8823891318998974e-95,8.169402577570051e-97,6.529152119323757e-98,1.631511218715492e-99,1.631511218715492e-99,5.029875277263077e-101,5.029875277263077e-101,3.737006549522262e-102,8.786027933609798e-106,3.1064444908388197e-108,3.1064444908388197e-108,1.700273834060269e-108,2.9733922747004954e-110,2.47966745511755e-111,5.421571431857947e-116,5.9856828146266776e-120,5.9856828146266776e-120,3.977981406892602e-120,1.1838156440966317e-121,1.6191450369776312e-125,2.0208920612385895e-126,6.905728996537807e-128,6.905728996537807e-128,1.5893560717391097e-129,7.168980472240006e-131,1.7112318592182844e-133,1.297744662126305e-134,6.59704873358957e-136,9.962114440832096e-138,3.964024679329752e-140,3.964024679329752e-140,2.241340264578995e-141,1.2378821043786554e-143,5.748418484944681e-145,2.4220630074402466e-146,1.345731816135828e-147,7.549621113975165e-149,1.1118081335304845e-152,2.0124097683342557e-153,6.009078532004123e-154,1.256405439304283e-156,1.256405439304283e-156,5.135442946320219e-159,1.2860059434188188e-162,1.2860059434188188e-162,1.2860059434188188e-162,1.327108917648785e-164,1.327108917648785e-164,2.6898695040879244e-165,5.524945387789074e-168,2.1370946723827874e-178,3.749937069716628e-179,6.653977279370482e-181,5.882763566104994e-183,6.190789357638702e-184,9.118448900265647e-185,8.401421369548519e-186,2.8218813692198585e-187,8.516491452475581e-195,8.393960835574946e-199,3.550718665876861e-200,2.71255349026763e-201,2.274748841614747e-207,2.274748841614747e-207,1.7292966403867812e-208,1.9418119840002676e-210,4.333243374020434e-212,6.824495438567905e-214,4.830724761237867e-215,1.5219675621095834e-219,2.1453949406943153e-223,1.5230923477124236e-225,1.5363567589099964e-227,1.0081819929188468e-227,6.384824159755114e-233,9.353463069157072e-237
HSSA,F1,0.17768335342407227,1400.851303305287,14.30611803375045,4.0422181252273,0.0005441005719686021,0.0004292466255897062,6.278342287108297e-07,3.585734025587401e-09,1.2198986232337475e-10,3.1208498077528463e-12,8.754519112151972e-13,6.4547621728609485e-90,1.586604419599724e-91,2.5677186608819284e-94,7.31846446157478e-95,7.31846446157478e-95,7.31846446157478e-95,3.609231757848778e-96,3.913500020776329e-99,2.786046816772598e-99,4.130255300163822e-106,5.280826402788849e-108,2.4234092334024423e-110,1.3542141832400562e-111,2.136972056364224e-112,8.702777838562677e-115,2.1998595306201747e-116,1.050248172332872e-118,1.050248172332872e-118,1.050248172332872e-118,2.489433870656922e-120,3.585043521704737e-122,2.0719412916196787e-122,2.5890456877271215e-124,6.236852044557635e-126,1.8052916029578888e-128,1.1142415183289166e-129,6.993469616459946e-135,6.993469616459946e-135,6.993469616459946e-135,6.993469616459946e-135,6.993469616459946e-135,6.993469616459946e-135,1.914939452317604e-137,2.1916054120501278e-138,2.7843929751035356e-139,6.121471704087024e-142,2.7949405603375094e-142,2.980187084573835e-144,7.86957198459895e-145,2.5053944296622366e-145,8.890059630270303e-149,8.890059630270303e-149,8.890059630270303e-149,6.202240355937707e-150,6.202240355937707e-150,1.4950166646620105e-150,2.4412262751453003e-151,3.3301759952949008e-152,2.098070312448852e-155,6.397738673289816e-156,1.3899487091750877e-156,7.120641526776689e-159,4.421007897672182e-160,5.016934255009601e-161,1.2171482139354644e-163,1.390560754053996e-165,2.905305287387507e-166,1.3292855940228488e-168,7.246189965996158e-171,9.687687522963884e-177,3.1438225374206256e-177,3.964201785757772e-178,2.8194473021147554e-179,2.522999674262167e-181,3.8598311092018244e-186,3.8598311092018244e-186,3.8598311092018244e-186,3.8598311092018244e-186,3.8598311092018244e-186,2.545825689449483e-189,2.001214218520955e-189,1.1511708631542194e-189,9.430839725810567e-192,2.0697108602549356e-194,2.0697108602549356e-194,2.0697108602549356e-194,2.9605254921581944e-198,2.9605254921581944e-198,2.9605254921581944e-198,3.3252613762608276e-200,3.3252613762608276e-200,2.791889886082357e-200,6.69575292081936e-202,6.69575292081936e-202,1.1147995442444298e-203,1.6177692988796012e-206,4.947374397423984e-208,4.946130693330055e-209,5.1143862636646944e-210,1.7371789245711552e-211
HSSA,F1,0.17746400833129883,266.7222118025991,3.567628604222974e-11,1.4122876846456442e-89,4.15245900923664e-90,2.7839061914314157e-92,6.228448641503699e-97,5.61911231892923e-98,8.414466958977823e-100,6.859913784357013e-100,5.482114000724577e-102,1.9504384000446276e-103,2.755490547041077e-107,3.4301702492157105e-109,3.267384400863883e-113,4.8471799311942956e-114,1.039151182329969e-115,9.053192073216538e-119,4.022099516065542e-130,1.5687808496140083e-131,3.354965826639611e-132,5.6834783412085075e-136,4.506123292442754e-140,2.825638178970093e-142,2.825638178970093e-142,1.7754960160730426e-142,7.308859922686265e-148,1.912095982902593e-151,1.3987655432075344e-153,4.9952994837747825e-155,1.1601907405037198e-162,7.186230836321559e-165,3.1333172163526585e-171,9.113407147162457e-172,2.5329587965311907e-174,2.5329587965311907e-174,2.5329587965311907e-174,1.332466870538615e-174,5.089756899308095e-177,3.705110744035104e-183,6.650256409899097e-184,2.0057896205112247e-185,3.3682454693975097e-202,3.3682454693975097e-202,3.3682454693975097e-202,2.5193583156907796e-203,5.971816485777621e-205,9.26349195719744e-206,9.26349195719744e-206,9.26349195719744e-206,6.64830701800952e-206,1.2085663323351916e-208,1.2085663323351916e-208,3.360827024139306e-209,3.360827024139306e-209,8.251856594640441e-210,1.9653527269474772e-210,4.132108352385032e-211,1.385381990780388e-272,6.017920427821054e-277,6.017920427821054e-277,6.017920427821054e-277,6.017920427821054e-277,4.745860020785617e-278,1.434184882991318e-279,2.0754594007436505e-283,1.035882594037108e-288,1.3864652300509494e-290,2.3775723565100647e-291,1.6595529077959396e-293,7.030618227491947e-296,6.28014078905148e-297,6.24730300911665e-299,1.8363853164217927e-302,1.0284841539740962e-304,1.30884469288254e-305,2.14174737877053e-307,8.34235e-319,1.5e-322,0.0,0.0,0.0,0.0,0.0,0.0,0.0,0.0,0.0,0.0,0.0,0.0,0.0,0.0,0.0,0.0,0.0,0.0,0.0,0.0,0.0,0.0
HSSA,F1,0.18128037452697754,3866.9654641981583,14.85521492587601,1.9920194505109652,0.11946176557445243,7.42337251973785e-88,7.42337251973785e-88,3.262991712756171e-88,2.5316854204244125e-91,2.486538727266586e-93,3.6214525164544345e-95,3.6214525164544345e-95,3.6214525164544345e-95,2.765091332515403e-97,1.0640141242850613e-98,9.886714683180698e-100,9.886714683180698e-100,2.479147114888094e-101,6.546541719261914e-103,3.012906951327555e-107,2.215539955065146e-108,2.4603528121820716e-109,2.8733748130607177e-112,2.8733748130607177e-112,1.6310310780178256e-115,2.1787940573736017e-116,7.990936175518694e-119,7.990936175518694e-119,7.990936175518694e-119,5.655576024714483e-120,9.756667083987454e-122,1.8977021956475442e-122,6.105107717436095e-123,2.943931255631771e-126,8.828801003570423e-129,6.698501608126657e-131,4.665269945552815e-133,8.303936587343223e-134,4.938858270375121e-136,1.0542972655888108e-136,6.62403920800452e-142,6.563347533408475e-147,6.591984210227469e-149,6.002153940378129e-149,2.866917810950676e-162,9.640145896395394e-165,5.7063513780419e-167,4.148134886368097e-170,7.991704038633547e-172,4.309202216044751e-174,8.207978248323169e-175,3.685257292964445e-176,1.1823997014809865e-178,6.589620296464923e-180,1.1594338146505691e-180,1.686879195154559e-183,1.9013434201305402e-184,9.047283570958182e-186,8.933813289563659e-190,7.218078966088839e-220,1.8434540249896975e-221,5.110051216242021e-222,3.7642459852125605e-226,1.7597813222566408e-227,1.3527934588037428e-231,9.450591159253048e-233,4.840211803907946e-233,1.558008925970177e-247,6.096863913554799e-249,1.57e-321,0.0,0.0,0.0,0.0,0.0,0.0,0.0,0.0,0.0,0.0,0.0,0.0,0.0,0.0,0.0,0.0,0.0,0.0,0.0,0.0,0.0,0.0,0.0,0.0,0.0,0.0,0.0,0.0,0.0,0.0,0.0
HSSA,F1,0.18338632583618164,1464.3564302060258,55.40705914815821,8.8949781736133e-88,7.363817085914986e-89,5.426355395816433e-92,2.2789670313026223e-95,2.565332583730208e-96,2.565332583730208e-96,8.299954943284808e-98,1.9285236427314446e-99,4.58607580981253e-100,4.58607580981253e-100,1.2206329336501023e-112,1.4197202073963207e-115,2.2949061101243905e-116,1.2504484319331181e-118,7.915490931010416e-121,1.2348321967173782e-121,2.5704516105928982e-124,1.0582199002982878e-125,1.820010236639238e-127,2.404466008373037e-128,5.2928463347810115e-132,1.6396637229567625e-134,4.0293399639719336e-139,6.220263634696822e-140,1.4681608386312903e-142,1.3694512139117188e-143,1.3285241578199682e-145,8.417374162680111e-149,1.1440828871040571e-150,7.945653260989474e-153,7.945653260989474e-153,7.945653260989474e-153,6.826175884182115e-153,4.234864502772959e-154,4.234864502772959e-154,2.133509158006656e-155,2.161103686450146e-157,3.0962481701501927e-162,3.4912208084044116e-165,1.1944227707893091e-165,1.3054376220481406e-167,1.3054376220481406e-167,1.3054376220481406e-167,1.636101556453487e-168,1.1740405006782005e-170,6.225700858263383e-173,4.1263971410979975e-174,1.0322986913992322e-174,1.0764188751831589e-177,6.5429213900344376e-180,2.917523136684332e-182,2.2916307921639656e-182,2.2916307921639656e-182,3.2379279999706143e-183,2.09668611182669e-187,5.20577164219327e-188,2.4544025664449867e-190,3.36093211012558e-193,5.377596048998595e-195,6.717772842502668e-198,1.558471212817353e-198,6.399687940005304e-201,6.399687940005304e-201,8.33095051419211e-202,2.575368618773195e-203,2.949097908989988e-204,1.069030368201456e-204,1.7632088685937577e-205,8.704790040654134e-208,8.704790040654134e-208,8.704790040654134e-208,7.040693446582201e-209,1.0865403133836175e-213,1.6056785832768777e-214,1.8728244756237314e-216,1.8728244756237314e-216,1.5491973080652186e-217,4.975267340972214e-218,1.239587499523382e-218,7.061040789052934e-221,1.3491910926035343e-223,1.0313476045386805e-224,5.7390998275145355e-229,8.55785095192635e-231,6.144189785323737e-235,3.557468759930221e-238,1.6502654816565687e-240,3.0148244381921898e-242,1.227509225583375e-244,3.9206377861590644e-245,3.8260248645248743e-256,3.3683273043622807e-258,5.830132796849939e-262,1.5482681754596968e-262,5.408043302842792e-263,2.659999721724406e-264,4.570525853607537e-266,8.682314368560735e-268
HSSA,F1,0.17740583419799805,571.8350384930136,32.219195827740236,0.9572487859584707,0.0009044391526341486,4.895996367785567e-90,4.895996367785567e-90,3.3419631794993334e-90,4.443144358436872e-92,2.837073534324892e-96,1.493042044224477e-99,9.960780694552809e-104,9.960780694552809e-104,7.173866417761844e-106,9.4232735955693e-109,2.7798541586592226e-110,7.91491765448805e-111,2.021609973740471e-112,4.5601941830016514e-114,7.179573186659146e-117,7.179573186659146e-117,3.7637949160757405e-120,2.600851502209454e-124,1.765588599209487e-125,1.1893432755235368e-126,9.366723833438571e-129,3.3997237759467876e-131,3.3997237759467876e-131,2.513050010258802e-134,2.513050010258802e-134,3.781803895670901e-146,4.0627818279292825e-148,8.389837251123132e-151,1.4014870047394924e-152,1.4798861183481372e-155,1.4798861183481372e-155,6.1943845083481e-156,5.354925809308968e-164,2.6397338122159623e-166,5.424986178590397e-167,5.424986178590397e-167,5.743554692669498e-169,2.768057341713339e-171,1.7439130378540902e-173,1.7439130378540902e-173,1.9910450939853119e-174,3.970578659583398e-175,6.911666832609402e-177,3.5690260691171466e-178,3.5690260691171466e-178,1.2136503088804736e-180,3.3791508539238875e-182,2.308451693406988e-184,1.3683817733310896e-185,2.270056553417629e-186,6.273251667698668e-189,5.8358881367840375e-192,1.7462184669951847e-192,1.3610776316301994e-199,3.6616526658703793e-202,8.525150542746408e-203,1.2314530493110807e-203,1.1152598113752341e-209,5.20216559230595e-213,2.0102142622992912e-217,1.0167108107686311e-218,2.1969780245929745e-220,4.23320433095724e-224,1.3409544866836405e-226,6.243504338339188e-228,8.034489006778517e-231,3.9741649583582723e-231,2.3805443102956554e-264,1.9834200320365334e-267,2.989089292741616e-271,7.083731463013313e-272,1.420373543409514e-273,1.420373543409514e-273,1.420373543409514e-273,1.1268031289267676e-274,9.021104324761616e-276,9.021104324761616e-276,2.596731009552398e-276,2.638602547398492e-278,1.2001240693211969e-279,1.2001240693211969e-279,1.2001240693211969e-279,1.2001240693211969e-279,1.704212206489663e-280,6.961273471083759e-281,3.902260221418759e-283,1.1202216194908905e-284,1.2530620948354186e-285,1.7274803182361635e-289,9.198314535209489e-292,8.835390155824113e-293,2.047238317642155e-300,6.507145543563351e-306,9.67298765736134e-307,4.19071914265e-312,8.200433132e-314
HSSA,F1,0.18149662017822266,3379.895461040487,3.5502924668461876e-05,1.776255443136749e-06,3.4895154179761824e-08,5.695460713991723e-09,3.5417471354406724e-12,6.406421466510018e-14,1.0677286770992923e-15,1.0677286770992923e-15,3.065984690796881e-18,8.497927553429719e-20,2.979554964593243e-20,7.934055634739003e-22,1.220134259559173e-22,1.220134259559173e-22,0.0,0.0,0.0,0.0,0.0,0.0,0.0,0.0,0.0,0.0,0.0,0.0,0.0,0.0,0.0,0.0,0.0,0.0,0.0,0.0,0.0,0.0,0.0,0.0,0.0,0.0,0.0,0.0,0.0,0.0,0.0,0.0,0.0,0.0,0.0,0.0,0.0,0.0,0.0,0.0,0.0,0.0,0.0,0.0,0.0,0.0,0.0,0.0,0.0,0.0,0.0,0.0,0.0,0.0,0.0,0.0,0.0,0.0,0.0,0.0,0.0,0.0,0.0,0.0,0.0,0.0,0.0,0.0,0.0,0.0,0.0,0.0,0.0,0.0,0.0,0.0,0.0,0.0,0.0,0.0,0.0,0.0,0.0,0.0,0.0
HSSA,F1,0.18413519859313965,2324.4304487818954,30.736516871536683,9.897688093553112e-10,1.617602379671488e-15,1.617602379671488e-15,1.617602379671488e-15,1.617602379671488e-15,1.0834590034231537e-16,3.9880646630819456e-78,2.3900421492340478e-80,2.3900421492340478e-80,4.245654834440807e-82,9.257736752903799e-85,7.234108877758205e-87,4.45378538188497e-90,2.2169082985266944e-90,4.898866554846183e-92,7.675729550708071e-94,7.675729550708071e-94,7.675729550708071e-94,7.675729550708071e-94,7.675729550708071e-94,7.87391978393673e-96,7.296123497540138e-96,1.362626458379018e-97,5.80534779513229e-99,2.4168476250942025e-101,2.6157702926933567e-104,2.162281145594222e-139,1.6096160513512049e-142,4.364795870055036e-145,4.364795870055036e-145,4.364795870055036e-145,4.364795870055036e-145,8.465894934166784e-147,4.761988661148899e-147,7.119182502392192e-150,7.119182502392192e-150,3.1436764362133575e-150,8.04281154513674e-152,2.704735761665305e-153,2.704735761665305e-153,1.3543979409174158e-159,1.3462363832392643e-160,4.6298374523103054e-163,5.150725919042178e-166,3.735048144999949e-167,3.735048144999949e-167,9.913522847718166e-172,9.913522847718166e-172,9.913522847718166e-172,9.913522847718166e-172,7.328824904970177e-172,8.508136187063529e-175,6.15800907502962e-188,5.389140412202825e-190,7.848496536534864e-191,4.564496771429564e-192,4.564496771429564e-192,3.2803946578110116e-193,8.990168478504237e-197,2.6698881341490133e-199,2.52786360207548e-200,7.964432243680988e-202,2.8119960182268915e-205,2.8119960182268915e-205,8.46730062058059e-206,6.717978619913874e-233,6.717978619913874e-233,6.717978619913874e-233,6.936515581081914e-234,6.936515581081914e-234,6.936515581081914e-234,1.374971147864562e-234,2.477967624349907e-237,5.877028290354317e-238,2.769655944602482e-239,4.173601913558687e-242,4.1772818322539497e-243,9.979277368977308e-245,6.564928516558461e-247,6.556895826098183e-251,2.626830548622241e-252,5.806119333202988e-255,5.940513124821821e-259,1.817965544379411e-262,8.398008932528884e-270,9.2177128773192e-273,4.234940187497567e-273,1.8667767928579434e-274,1.0138618808106948e-276,1.9114049289033716e-278,3.369230966813707e-281,2.5428224334708293e-284,6.211809697625781e-290,4.3103061428131135e-292,8.198056398559326e-294,1.618546198322277e-295,2.10261626961782e-296,7.280364900438702e-301
HSSA,F1,0.17644238471984863,3297.3720414557997,2.7751972938362175e-17,3.174228077476034e-20,4.001959570030117e-21,1.2002618729762222e-22,1.2132102091510315e-31,3.315264680802931e-33,1.2773729326728827e-36,1.2773729326728827e-36,7.036561591037589e-37,5.127344571421353e-41,2.201675085449845e-43,4.8646672828864375e-45,1.2679677791141356e-46,8.961182480761986e-129,8.868375295499863e-139,7.0605593243098275e-140,1.1953351336817841e-141,4.287779325591773e-143,6.946858963578371e-146,6.946858963578371e-146,6.946858963578371e-146,6.946858963578371e-146,6.946858963578371e-146,1.9159819689847655e-147,4.829610673276229e-148,1.7233259427363573e-148,9.970929853209014e-150,9.970929853209014e-150,1.1340513957254843e-150,6.372662412344189e-152,6.372662412344189e-152,3.2938883314535624e-152,6.457012814449007e-154,2.7547621259621167e-155,7.832454741787852e-156,2.116372928541169e-156,3.2040404920426334e-158,2.8475234966882886e-159,3.243320232254291e-161,2.435225103155863e-162,3.637038256783266e-163,1.2487930091686158e-163,2.5513324193306543e-165,1.7491269825197416e-167,1.5704211468664584e-168,3.707179513921992e-169,5.6948658298146826e-170,2.426806984915535e-171,2.426806984915535e-171,1.4022631204144572e-173,1.4022631204144572e-173,1.4022631204144572e-173,1.4022631204144572e-173,2.065357159407916e-174,8.980575133137547e-177,8.980575133137547e-177,3.892394448077244e-177,3.6915007585487625e-177,8.407733474479665e-179,1.1723082159577654e-181,1.5375685570442103e-183,5.0825810710523237e-185,6.5826918504782e-198,1.767737588825579e-199,1.026475397983039e-200,1.026475397983039e-200,1.0775939892193455e-202,1.0775939892193455e-202,1.0662203034851826e-204,8.981031472661933e-207,8.981031472661933e-207,8.981031472661933e-207,2.333364798040103e-208,1.5041242542219445e-211,8.559826375655337e-213,1.6880254007627164e-213,1.2524347982840507e-214,2.7829936776184793e-217,2.7318700332551208e-217,6.213509832765837e-218,5.617850388247146e-221,8.464137677376981e-222,8.464137677376981e-222,3.405965757875155e-222,1.2508211971983567e-224,7.508621138605074e-226,7.059235238454394e-229,4.602889064579256e-231,4.602889064579256e-231,4.602889064579256e-231,3.767118865081991e-233,4.826384725992685e-234,1.1685325893336353e-234,3.1781154872167145e-236,2.322361987131878e-238,2.322361987131878e-238,2.322361987131878e-238,2.322361987131878e-238,2.322361987131878e-238
HSSA,F1,0.1809682846069336,298.67824793175583,0.04030438337331211,0.04030438337331211,0.0009409115918831061,0.0009409115918831061,3.067443329316934e-88,6.675566146323774e-89,3.2126235634951726e-91,3.9711763849762164e-94,1.1087334676999504e-94,1.4973579185674695e-96,1.3774338673064125e-97,1.3774338673064125e-97,1.3774338673064125e-97,6.115804537332493e-98,5.269391674797952e-100,1.962467747845096e-102,7.559454388423863e-104,5.558454003890576e-106,3.473532150906446e-108,6.428390661126062e-112,6.428390661126062e-112,6.428390661126062e-112,6.428390661126062e-112,1.2391067196302963e-113,1.1965821186356982e-114,8.004653767170076e-117,8.004653767170076e-117,8.660831050232907e-119,2.606638748550234e-120,3.783420973977531e-123,7.773129169936292e-125,9.36957103530204e-128,2.432560348745737e-128,4.2122467023304056e-130,1.3913875552582547e-136,1.9992050042378636e-137,2.3359644458473597e-140,3.6232954779888306e-148,4.405528434938007e-150,4.405528434938007e-150,4.405528434938007e-150,3.66086163506955e-152,3.601080221993782e-153,1.3124506359496014e-156,4.3743400327084574e-157,1.521739985240168e-158,1.0564050161605147e-159,5.927679744273918e-161,3.7012541319326305e-162,4.547053925849868e-164,9.926363074831081e-165,1.4006777702556118e-167,1.4006777702556118e-167,1.4006777702556118e-167,1.4006777702556118e-167,1.3612284642913975e-171,9.559998171383617e-173,1.0447405512000166e-174,5.173137551754468e-176,5.173137551754468e-176,5.173137551754468e-176,5.173137551754468e-176,5.173137551754468e-176,3.7311299749116685e-176,5.005319743954996e-178,9.687282330517989e-182,2.216461708293555e-184,3.8200028657823715e-185,5.7397242497630824e-188,2.2640541913457723e-188,8.162995140518043e-191,6.74094736927423e-194,2.853731895922689e-195,2.1596074156263385e-197,9.264910062003919e-200,9.264910062003919e-200,9.264910062003919e-200,1.0139402630272966e-203,1.3629367490199651e-204,4.228104161880283e-208,1.854358620449342e-209,3.698577654879082e-211,1.8598956332765275e-212,6.533323175351504e-213,7.466342768325177e-225,1.2121045260206715e-226,7.86732734007254e-228,1.0647765120173473e-230,9.412884560335782e-231,4.513192188234885e-233,7.176865221887035e-235,2.777878986350672e-236,3.376798770023261e-239,3.6502812593829966e-243,4.3735889867707774e-244,1.6991452892356551e-245,1.6991452892356551e-245,4.2006217993589584e-248,8.608981843728427e-252
HSSA,F1,0.17811894416809082,40.69930530585474,3.4794035242755687e-90,3.4794035242755687e-90,3.4794035242755687e-90,5.235630738202855e-95,4.821298643313223e-96,6.272789308337662e-103,4.948504518881858e-104,1.84809650164636e-107,6.32688802497005e-110,2.668015169686187e-117,3.3636233346408037e-118,1.500584198583884e-125,1.4171784291246459e-126,5.207601968673187e-130,1.0826937584773626e-133,5.268532352552434e-135,8.707686607259202e-137,1.4460181222031675e-137,4.196679381253013e-138,1.0607400885852509e-138,5.466718736983999e-141,2.7222374736702923e-142,1.3590522181269426e-145,1.3590522181269426e-145,5.138207328579395e-147,3.070178102406939e-149,5.466165676129454e-150,5.466165676129454e-150,2.7273028961200638e-151,1.099792656704648e-153,3.3600848100801992e-155,2.5908255126851198e-161,3.1095965050470855e-163,5.4547919989490695e-170,2.176717557973867e-173,5.304919371875372e-175,3.1430811986871185e-176,1.6658899134268018e-177,7.376289612825478e-179,3.5992782722577663e-180,7.338321641804029e-182,5.115765215017645e-183,1.612549767558301e-189,4.788876945934442e-191,3.0770022518753474e-192,5.919661954734432e-194,3.2887701381899854e-198,1.1666741243585974e-198,9.134239692043277e-202,9.134239692043277e-202,1.1706563074579622e-202,8.795563543402503e-204,0.0,0.0,0.0,0.0,0.0,0.0,0.0,0.0,0.0,0.0,0.0,0.0,0.0,0.0,0.0,0.0,0.0,0.0,0.0,0.0,0.0,0.0,0.0,0.0,0.0,0.0,0.0,0.0,0.0,0.0,0.0,0.0,0.0,0.0,0.0,0.0,0.0,0.0,0.0,0.0,0.0,0.0,0.0,0.0,0.0,0.0,0.0
HSSA,F1,0.17642498016357422,2493.317083151295,491.0010632559837,0.02002978065629435,0.0007321488854767211,2.0738581592973637e-06,1.846660051483507e-86,1.846660051483507e-86,1.846660051483507e-86,1.846660051483507e-86,1.846660051483507e-86,1.846660051483507e-86,1.846660051483507e-86,1.846660051483507e-86,1.846660051483507e-86,1.846660051483507e-86,1.846660051483507e-86,1.846660051483507e-86,1.846660051483507e-86,1.846660051483507e-86,1.846660051483507e-86,1.846660051483507e-86,1.846660051483507e-86,1.846660051483507e-86,1.846660051483507e-86,1.846660051483507e-86,1.846660051483507e-86,1.846660051483507e-86,1.846660051483507e-86,1.846660051483507e-86,1.846660051483507e-86,1.846660051483507e-86,1.846660051483507e-86,1.846660051483507e-86,1.846660051483507e-86,1.846660051483507e-86,1.846660051483507e-86,1.846660051483507e-86,1.846660051483507e-86,9.077545095003232e-123,9.077545095003232e-123,7.944719082656413e-123,3.2270691045360493e-125,1.0511398451000954e-125,2.835092229656698e-126,7.733749616047883e-128,1.978946049206297e-129,2.0430246227181955e-130,1.6423392440036913e-131,1.7403641387792742e-132,4.2152620821378703e-134,5.616248902983549e-135,4.498597202795219e-136,3.280811280443121e-139,3.280811280443121e-139,3.280811280443121e-139,3.280811280443121e-139,8.333517148659684e-142,8.333517148659684e-142,8.333517148659684e-142,8.333517148659684e-142,9.685236356410303e-144,9.685236356410303e-144,9.685236356410303e-144,9.491322649667743e-145,1.7609802054343129e-146,3.765543455563493e-147,3.3646461598887604e-148,8.994220125374456e-151,7.109415478990733e-152,7.109415478990733e-152,2.597545795206069e-154,9.55189961257446e-158,7.421275315432312e-159,8.64816731665548e-160,5.847111766014507e-161,2.9464227830095503e-162,1.5153937453282363e-165,5.193242372980124e-168,2.943394291961002e-168,1.737266723234263e-169,1.737266723234263e-169,8.438535372915267e-172,2.9978831307926438e-174,8.502775052326009e-176,2.5109002177193564e-178,2.5109002177193564e-178,2.5109002177193564e-178,2.7622386447488117e-180,3.262927624540093e-184,6.837904392264411e-185,3.568371641135987e-188,1.0198495691110128e-188,2.3490138977137282e-191,2.552495803239045e-192,1.1280067553765776e-193,3.3088787856349086e-196,1.815426269064619e-198,2.524127563051112e-201,1.188259007258454e-202,1.188259007258454e-202
HSSA,F1,0.18027234077453613,23.731179333991975,0.005946338296718027,0.00013937731853687203,7.610310920412157e-08,2.452609881902741e-09,1.474783125953558e-09,9.973164935238428e-15,5.129197048603097e-17,9.812410241562691e-19,1.4185767024309774e-22,1.5096146552544868e-26,1.5096146552544868e-26,1.5096146552544868e-26,1.9903567155217266e-29,1.9903567155217266e-29,1.7959969318983967e-29,6.656070071828073e-30,6.656070071828073e-30,1.1248429777012282e-32,1.1248429777012282e-32,2.6186280175728208e-33,3.6202136884307687e-34,1.287130417054359e-35,9.334050771314369e-38,5.533772646973748e-39,2.4155656634462806e-39,1.4188051919931982e-42,6.580201388119111e-44,5.85079413831516e-45,1.0040306556653522e-47,1.0040306556653522e-47,9.320515623338882e-48,5.867720206161464e-50,2.522435671577427e-89,1.9696961311802345e-91,5.1417198453155794e-95,3.5017151351027653e-97,4.762169181094255e-98,3.4491278261794254e-100,1.480898168859108e-102,1.480898168859108e-102,1.3100757378214885e-103,4.022165565437582e-106,2.0241135859454192e-107,8.901816682963976e-111,6.053089119971142e-242,8.200605426790775e-245,7.380965280903474e-248,1.2677523491852514e-250,1.6441883232902439e-251,6.310365615252072e-253,2.783469178585533e-255,9.120712689394448e-257,1.3668122455934088e-259,1.3668122455934088e-259,3.14770557934786e-260,7.333048878433592e-262,2.2474915676038015e-263,2.2474915676038015e-263,1.4727480239936811e-266,3.8120644846143924e-268,3.33419851343953e-270,2.1384160540717645e-270,1.1747815429757988e-288,3.852025542536782e-291,1.2255461170197525e-293,6.976312892018249e-297,3.724696108610769e-297,7.483343372614284e-301,2.1866521009746038e-302,1.0197765929549989e-303,3.0219202634756694e-306,3.0219202634756694e-306,3.0219202634756694e-306,1.2990830295518597e-307,1.473743310273755e-308,2.17282140530718e-309,5.153350664315e-312,2.8619793433e-314,6.084957504e-315,6.084957504e-315,3.035981764e-315,4.2409034e-316,0.0,0.0,0.0,0.0,0.0,0.0,0.0,0.0,0.0,0.0,0.0,0.0,0.0,0.0,0.0,0.0,0.0
HSSA,F1,0.17232561111450195,0.15786550770179442,0.0011695108757688788,1.276073464174822e-05,4.63679129945859e-13,2.5640991109821564e-13,2.3275973815762717e-30,3.721828092931849e-32,5.006679330376448e-91,5.006679330376448e-91,5.006679330376448e-91,1.1385624501835177e-91,7.394767941645302e-94,8.704207151762239e-95,8.704207151762239e-95,6.023532960070348e-96,2.1958959812122295e-99,6.6349950082990156e-102,3.1922962648899374e-104,2.1622929619938407e-106,2.1151888598214746e-108,1.996641571709888e-108,2.5733555187516222e-110,1.0310586833607232e-112,5.0749505060509435e-113,2.2223780808987316e-113,8.456052470231457e-115,2.7433058492180236e-116,6.444314202205626e-120,6.132873447134755e-122,2.060251234067128e-123,1.4304197891490464e-125,1.2375952541067106e-126,7.684397254880607e-128,7.445285513358293e-130,7.445285513358293e-130,7.445285513358293e-130,7.445285513358293e-130,9.45398751624316e-141,1.7279279382949518e-143,4.635014181447986e-145,2.6286247795756667e-146,5.3825043478397546e-148,1.5963337413974313e-149,1.5075004591147638e-152,2.4636822381879725e-158,1.5224784346584106e-160,2.3812692341231785e-161,1.8952836963940144e-163,7.197794428647256e-164,4.87418543059103e-165,2.8416717353331803e-167,3.617232149916696e-171,3.617232149916696e-171,2.1435412003450343e-171,3.419261641798388e-173,1.365881498160926e-175,1.993927740370225e-177,1.2579955304730997e-178,1.2579955304730997e-178,3.1175591786574536e-179,1.9667125811169563e-180,8.280548808374846e-240,8.280548808374846e-240,3.340861947034723e-240,0.0,0.0,0.0,0.0,0.0,0.0,0.0,0.0,0.0,0.0,0.0,0.0,0.0,0.0,0.0,0.0,0.0,0.0,0.0,0.0,0.0,0.0,0.0,0.0,0.0,0.0,0.0,0.0,0.0,0.0,0.0,0.0,0.0,0.0,0.0,0.0
HSSA,F1,0.1736752986907959,0.029348995025719027,0.0004808096244182799,0.00016581098829669203,1.416625352361319e-06,2.1981728180610816e-07,4.131988465032869e-10,2.2511973625584127e-132,2.1362526679853227e-133,9.517804870485775e-135,1.640294084379999e-135,3.251340563151265e-136,4.972317258057708e-143,6.433092303205103e-146,6.433092303205103e-146,1.4506971521131877e-147,5.1930691227049983e-154,1.808986101911854e-157,1.808986101911854e-157,1.485113197657351e-160,5.383336131643815e-163,8.637271646252021e-164,8.637271646252021e-164,4.141218863153254e-170,5.720031413691888e-171,3.3315423687303378e-174,1.314953161047611e-175,1.2622268348535265e-192,6.897799938182773e-194,5.1492007123696016e-214,3.5274203474100255e-219,1.6965078699053941e-220,4.568054551449209e-263,1.0121887899890803e-264,1.0121887899890803e-264,4.728981178106085e-267,2.9337959829990702e-269,2.4772071286032755e-271,3.605268410594946e-272,3.605268410594946e-272,1.784192248307423e-272,2.9697632260654995e-274,4.563016692624547e-279,2.04983444955758e-280,7.686720906049238e-283,7.615836421580005e-287,7.615836421580005e-287,4.440859600790719e-287,1.2184193713064543e-288,2.667135663158276e-291,1.5072164755585993e-293,2.208082622129307e-294,2.451915503398433e-295,1.3001391798261695e-295,2.6295328419105585e-299,5.780016780187073e-302,7.521033e-318,0.0,0.0,0.0,0.0,0.0,0.0,0.0,0.0,0.0,0.0,0.0,0.0,0.0,0.0,0.0,0.0,0.0,0.0,0.0,0.0,0.0,0.0,0.0,0.0,0.0,0.0,0.0,0.0,0.0,0.0,0.0,0.0,0.0,0.0,0.0,0.0,0.0,0.0,0.0,0.0,0.0,0.0,0.0,0.0
HSSA,F1,0.18330168724060059,25.68840221773522,1.4132836989384482e-40,1.4132836989384482e-40,1.532477085487133e-41,2.5793608668050896e-87,4.434871580899874e-89,3.309907552030607e-92,1.0190356631247746e-93,3.919698958089513e-95,1.9538156385264343e-98,1.5294896331658466e-99,2.2251288156704613e-101,1.0215758570825884e-105,0.0,0.0,0.0,0.0,0.0,0.0,0.0,0.0,0.0,0.0,0.0,0.0,0.0,0.0,0.0,0.0,0.0,0.0,0.0,0.0,0.0,0.0,0.0,0.0,0.0,0.0,0.0,0.0,0.0,0.0,0.0,0.0,0.0,0.0,0.0,0.0,0.0,0.0,0.0,0.0,0.0,0.0,0.0,0.0,0.0,0.0,0.0,0.0,0.0,0.0,0.0,0.0,0.0,0.0,0.0,0.0,0.0,0.0,0.0,0.0,0.0,0.0,0.0,0.0,0.0,0.0,0.0,0.0,0.0,0.0,0.0,0.0,0.0,0.0,0.0,0.0,0.0,0.0,0.0,0.0,0.0,0.0,0.0,0.0,0.0,0.0,0.0
HSSA,F1,0.17883872985839844,2324.2211053450965,29.041635639552588,9.48304181448411e-89,9.48304181448411e-89,1.6168560339827736e-89,1.612918584200692e-89,2.331671375495377e-90,8.027625152017731e-93,1.6147777380085088e-98,2.3178789157970648e-99,6.025512236480714e-101,6.025512236480714e-101,4.959798236710024e-103,4.273752787372271e-103,5.373798934387276e-105,5.373798934387276e-105,2.9765364083835683e-107,4.0659007581929116e-108,6.836670168514152e-110,3.0134522724938586e-110,7.914528227646889e-112,2.063189142432615e-115,7.7932064893545865e-118,7.7932064893545865e-118,2.017837011125037e-121,1.4270451763930334e-125,6.758739538941812e-127,2.950006275560637e-128,5.428499629203867e-130,7.428128804260847e-136,1.2489467048782487e-136,3.3581935016736706e-137,1.4824674253073563e-138,3.8842321051607295e-141,1.4055339234844507e-145,2.150091246591322e-153,3.1996900844051925e-155,1.3849026257877232e-157,1.3849026257877232e-157,1.412846897807598e-158,4.04948906850261e-160,2.1375883859206473e-160,9.430012732797554e-162,8.996087324313051e-163,1.4290712750263279e-170,3.1449741446903336e-171,1.0291181363375904e-175,1.0291181363375904e-175,3.566575193956979e-178,1.044799212610319e-178,2.3758365953110917e-180,8.114787878052539e-181,4.8476231705456994e-182,4.8476231705456994e-182,4.8476231705456994e-182,4.8476231705456994e-182,4.8476231705456994e-182,2.0404948672067923e-188,1.2971310085920038e-191,1.1588958202465803e-193,1.4068725097588293e-204,4.803645157106833e-206,5.22586312695336e-208,5.423767115853087e-211,3.5976087855699014e-211,1.0496764818638954e-212,1.9739564903375887e-216,5.0468273471993776e-219,2.954394434253721e-220,2.0986997107918317e-220,2.0986997107918317e-220,1.0422165322786184e-222,1.0422165322786184e-222,1.0422165322786184e-222,1.0422165322786184e-222,1.0422165322786184e-222,1.0422165322786184e-222,5.157982447607276e-225,2.5869828536920455e-228,4.5490891390288225e-231,3.029456024289087e-232,1.981896963651971e-235,9.912517317276588e-237,1.917708509695372e-238,2.0009364690330876e-240,2.0009364690330876e-240,5.916149764359167e-241,7.390891778571468e-243,3.642939980370318e-244,1.2682949931169547e-245,6.168716972319836e-248,5.0266605830059164e-253,1.9661227250095337e-255,2.7501320315218974e-257,3.5763117680009493e-259,3.5763117680009493e-259,1.52484596728859e-262,7.376240918505984e-264,6.908455240360778e-269,3.203274924218283e-271
HSSA,F1,0.17551541328430176,349.793293828373,1.519951901024473,0.011728515625011255,2.6477070147052396e-05,2.6477070147052396e-05,2.6477070147052396e-05,2.6477070147052396e-05,9.403822833607414e-08,2.1479656838929198e-09,8.143511927523745e-12,1.796677843938881e-14,8.195809398656251e-16,8.438155122012994e-18,8.249930006421896e-19,6.127577365580181e-20,6.49571222738076e-23,2.19147875077635e-24,2.2279444686909153e-28,8.414010404693123e-30,2.5680548202701383e-32,4.394592060779788e-34,2.183187503088357e-36,1.8556708930437238e-54,1.0209316935394954e-56,2.2853337642772973e-58,7.833434345416366e-62,7.833434345416366e-62,1.5306266892631911e-62,3.207716953675088e-66,3.248330848257583e-68,1.2884582626826575e-70,2.913983041685128e-72,5.16884036568628e-74,9.287290700289177e-77,1.866939932354173e-77,2.72001371530028e-79,1.726791489979249e-81,3.741259381786443e-83,1.9399660976583373e-84,2.895851201618294e-97,3.027050813671729e-98,4.1747574215301767e-100,4.1747574215301767e-100,5.948646238239128e-105,8.946973103369066e-106,2.070445837337909e-106,7.956134940111872e-108,2.2251710236128012e-110,6.199042262041886e-113,6.569669891016535e-114,6.569669891016535e-114,4.378498853547447e-114,3.953575101857943e-114,1.894068786599807e-118,3.9940514658894184e-120,3.9940514658894184e-120,3.0189192836407073e-122,2.7076224381184264e-124,8.217242238021206e-127,6.9272695960516e-127,6.9272695960516e-127,2.768486493986553e-127,3.0776744921159856e-128,3.188322562434679e-129,3.021142666720323e-131,1.2641782387660016e-135,1.0544924796403515e-160,1.2114581769050888e-162,2.5401145913298346e-168,2.5401145913298346e-168,2.5401145913298346e-168,1.1072379604586353e-168,3.5824533997237554e-174,1.85327030013625e-174,1.192101730076283e-175,5.04292372102038e-177,9.751706672113358e-179,2.164234810478801e-179,5.361740564432542e-181,4.591027237047744e-183,2.942350512403855e-184,2.502717373215423e-186,4.754988802195125e-191,3.535350864540998e-192,2.2001077700959083e-194,3.1875423001191454e-197,5.168558303562389e-202,5.105285634624471e-203,7.746193842509744e-204,2.8750989544401146e-205,2.8750989544401146e-205,1.3091885697371889e-206,2.020178853705065e-210,1.1255214611286492e-212,4.254650583863078e-213,8.669839307515286e-216,3.387732246266997e-216,3.387732246266997e-216,1.1853534770557465e-217,8.315729104829815e-220
HSSA,F1,0.1790158748626709,2006.9985597286077,0.06736038488879939,7.894025243046162e-59,5.543726704348719e-60,5.543726704348719e-60,5.543726704348719e-60,1.0928394752120468e-60,5.386948260023923e-63,1.9750181165266192e-64,3.748326915408958e-66,1.528277512584825e-68,1.4805841172628302e-87,1.4805841172628302e-87,1.4805841172628302e-87,1.4805841172628302e-87,1.4805841172628302e-87,1.6651164715403963e-88,5.058891797681186e-91,1.2307588644802924e-92,6.995016120656321e-96,1.057803437938719e-97,1.057803437938719e-97,3.186189555117069e-100,4.613471012308952e-101,9.146088073229832e-104,9.146088073229832e-104,5.599731261019819e-107,5.2639674535466615e-109,2.0381932032270435e-110,1.027790838349952e-111,1.7209063372148146e-113,5.84659721226901e-116,8.081347802439961e-121,9.118437435124335e-123,4.461329239211813e-123,2.715427365855047e-126,2.715427365855047e-126,9.499976929523622e-128,3.89426681569082e-132,6.13541504509171e-134,3.064724486815779e-135,1.506979320953161e-147,1.1060112536457924e-149,6.457254889830195e-153,6.457254889830195e-153,4.867643921046731e-153,1.6013859301224443e-166,3.5526455013029666e-168,3.5870988783857417e-169,3.55520698152994e-173,2.4098249500358173e-177,1.5029455253456378e-178,4.63180711313358e-180,1.9239965556573214e-181,2.187510380038429e-186,8.221501506062724e-196,2.5168191406494072e-198,1.0262002644855925e-200,4.1240315904112166e-204,3.0182550464009085e-206,2.424379492333474e-207,1.1395015443223655e-215,5.403701993443025e-217,5.1886994572066844e-220,1.0244103481641867e-221,1.0244103481641867e-221,1.1484699860299243e-222,1.6330660653833987e-225,1.6330660653833987e-225,1.6330660653833987e-225,1.5571389586469315e-225,1.8795798725485892e-226,9.198451566965445e-228,3.674654853433845e-229,1.4099473515885923e-230,3.0078243347657934e-231,3.541182084672783e-233,6.5729596183028325e-236,6.5729596183028325e-236,6.5729596183028325e-236,6.5729596183028325e-236,2.1657380230314e-236,3.030827000320673e-237,3.030827000320673e-237,3.477730141682111e-240,3.477730141682111e-240,1.6830313713620966e-243,3.538268873759614e-246,3.538268873759614e-246,7.00696810396723e-249,9.295867751298089e-250,3.666926041343447e-253,3.666926041343447e-253,4.647012901415381e-255,2.0043970162650144e-257,3.9359656050108255e-259,7.263997919636449e-269,2.3192043900160294e-270,1.1652206485474555e-272,7.124157599668808e-274
HSSA,F1,0.17946839332580566,503.36912517979437,58.473956006751635,0.4429409393566096,9.589415579146274e-45,7.417688848120703e-47,6.368987645341325e-50,4.770326289519487e-52,1.720362947569252e-52,3.5525246297389236e-54,1.8597780790317928e-56,3.4712511150072176e-58,7.863548609343115e-61,5.7136735519366235e-62,4.324711354710013e-63,2.5337153707923096e-68,1.3739851456675799e-70,1.8396073401701365e-71,2.831136908669736e-73,2.921003216230777e-76,7.925620516402048e-79,1.9457689229944058e-80,1.5864146827507434e-82,4.95148723213459e-84,1.4724202463237208e-85,3.1624132294427473e-86,1.0964477936665758e-89,2.538577469831274e-90,2.538577469831274e-90,2.538577469831274e-90,2.538577469831274e-90,1.9494981432623527e-91,1.435474590758978e-97,3.441156801935778e-103,3.1970514582212317e-105,3.6513898089914104e-107,8.665662179490156e-109,2.142438518496094e-110,6.744578619824955e-113,6.744578619824955e-113,6.3130473236360206e-114,8.847796242632476e-118,3.1241253081547144e-119,7.541960489047121e-120,2.5775537320854604e-121,3.8230069940103626e-126,3.8575416999417685e-128,9.126660627407277e-131,5.76512825643202e-132,7.159178773920487e-135,6.976467104428927e-137,1.5476957082507448e-137,1.4583191839032079e-140,3.9024786726737927e-143,0.0,0.0,0.0,0.0,0.0,0.0,0.0,0.0,0.0,0.0,0.0,0.0,0.0,0.0,0.0,0.0,0.0,0.0,0.0,0.0,0.0,0.0,0.0,0.0,0.0,0.0,0.0,0.0,0.0,0.0,0.0,0.0,0.0,0.0,0.0,0.0,0.0,0.0,0.0,0.0,0.0,0.0,0.0,0.0,0.0,0.0,0.0
